{"stat.walkOneCm":18369,"stat.leaveGame":2,"stat.craftItem.minecraft.crafting_table":1,"stat.mineBlock.minecraft.yellow_flower":1,"stat.pickup.srparasites.lurecomponent1":1,"stat.pickup.minecraft.log":1,"stat.jump":179,"stat.fallOneCm":5608,"stat.crouchOneCm":158,"stat.pickup.minecraft.sapling":1,"stat.sprintOneCm":38970,"stat.useItem.minecraft.stone_slab2":1,"stat.craftItem.minecraft.planks":4,"stat.damageTaken":220,"stat.mobKills":1,"stat.flyOneCm":40005,"stat.deaths":1,"stat.pickup.minecraft.wheat_seeds":1,"stat.mineBlock.minecraft.leaves":4,"stat.playOneMinute":15506,"stat.entityKilledBy.Zombie":1,"stat.sneakTime":219,"stat.damageDealt":110,"stat.timeSinceDeath":0,"stat.mineBlock.minecraft.tallgrass":3}