{"stat.pickup.minecraft.log":1,"stat.flyOneCm":39509,"stat.walkOneCm":17952,"stat.pickup.minecraft.wheat_seeds":1,"stat.jump":175,"stat.mineBlock.minecraft.leaves":4,"stat.playOneMinute":7392,"stat.fallOneCm":5608,"stat.craftItem.minecraft.planks":4,"stat.leaveGame":1,"stat.sneakTime":219,"stat.damageTaken":10,"stat.damageDealt":110,"stat.craftItem.minecraft.crafting_table":1,"stat.crouchOneCm":158,"stat.mineBlock.minecraft.yellow_flower":1,"stat.timeSinceDeath":7392,"stat.pickup.minecraft.sapling":1,"stat.sprintOneCm":38970,"stat.mobKills":1,"stat.useItem.minecraft.stone_slab2":1,"stat.pickup.srparasites.lurecomponent1":1,"stat.mineBlock.minecraft.tallgrass":3}