{"stat.walkOneCm":3592,"stat.craftItem.minecraft.planks":12,"stat.leaveGame":2,"stat.pickup.minecraft.crafting_table":1,"stat.mineBlock.minecraft.crafting_table":1,"stat.useItem.minecraft.wooden_pickaxe":1,"stat.mobKills":1,"stat.pickup.minecraft.cobblestone":1,"stat.mineBlock.minecraft.log":11,"stat.pickup.minecraft.log":10,"stat.flyOneCm":12703,"stat.jump":48,"stat.mineBlock.minecraft.leaves":4,"stat.playOneMinute":9286,"stat.fallOneCm":1463,"stat.killEntity.Sheep":1,"stat.sneakTime":858,"stat.pickup.minecraft.wool":1,"stat.damageDealt":90,"stat.crouchOneCm":595,"stat.timeSinceDeath":9286,"stat.useItem.minecraft.wooden_axe":10,"stat.pickup.minecraft.dirt":2,"stat.useItem.minecraft.dirt":1,"stat.sprintOneCm":6979,"stat.mineBlock.minecraft.dirt":2,"stat.craftItem.minecraft.wooden_pickaxe":1,"stat.mineBlock.minecraft.stone":1,"stat.pickup.minecraft.mutton":2,"stat.craftItem.minecraft.stick":8,"stat.craftItem.minecraft.wooden_axe":1,"stat.craftingTableInteraction":2}