{"stat.walkOneCm":3702,"stat.leaveGame":3,"stat.pickup.minecraft.crafting_table":1,"stat.mineBlock.minecraft.coal_ore":4,"stat.pickup.minecraft.log":10,"stat.jump":48,"stat.pickup.minecraft.coal":4,"stat.fallOneCm":1463,"stat.crouchOneCm":695,"stat.pickup.minecraft.dirt":2,"stat.useItem.minecraft.dirt":1,"stat.sprintOneCm":6979,"stat.craftItem.minecraft.stick":8,"stat.craftItem.minecraft.wooden_axe":1,"stat.craftingTableInteraction":2,"stat.craftItem.minecraft.planks":12,"stat.mineBlock.minecraft.crafting_table":1,"stat.useItem.minecraft.wooden_pickaxe":7,"stat.mobKills":1,"stat.pickup.minecraft.cobblestone":3,"stat.mineBlock.minecraft.log":11,"stat.flyOneCm":12703,"stat.mineBlock.minecraft.leaves":4,"stat.playOneMinute":12061,"stat.killEntity.Sheep":1,"stat.sneakTime":1224,"stat.pickup.minecraft.wool":1,"stat.damageDealt":90,"stat.timeSinceDeath":12061,"stat.useItem.minecraft.wooden_axe":10,"stat.mineBlock.minecraft.dirt":2,"stat.craftItem.minecraft.wooden_pickaxe":1,"stat.mineBlock.minecraft.stone":3,"stat.pickup.minecraft.mutton":2}