{"stat.pickup.minecraft.log":3,"stat.flyOneCm":5915,"stat.walkOneCm":2733,"stat.jump":21,"stat.mineBlock.minecraft.leaves":4,"stat.playOneMinute":7899,"stat.fallOneCm":418,"stat.craftItem.minecraft.planks":12,"stat.leaveGame":1,"stat.sneakTime":455,"stat.damageDealt":10,"stat.crouchOneCm":289,"stat.timeSinceDeath":7899,"stat.sprintOneCm":3192,"stat.mineBlock.minecraft.log":4,"stat.craftItem.minecraft.wooden_pickaxe":1,"stat.craftItem.minecraft.stick":8,"stat.craftItem.minecraft.wooden_axe":1,"stat.craftingTableInteraction":1}