{"stat.walkOneCm":19644,"stat.leaveGame":3,"stat.pickup.minecraft.crafting_table":1,"stat.mineBlock.minecraft.cobblestone":1,"stat.useItem.minecraft.log":1,"stat.useItem.minecraft.cobblestone":3,"stat.furnaceInteraction":1,"stat.mineBlock.minecraft.coal_ore":25,"stat.pickup.minecraft.log":11,"stat.pickup.minecraft.string":2,"stat.useItem.minecraft.mutton":2,"stat.jump":148,"stat.pickup.minecraft.coal":25,"stat.fallOneCm":2301,"stat.useItem.minecraft.planks":1,"stat.crouchOneCm":2634,"stat.mineBlock.minecraft.wool":1,"stat.pickup.minecraft.dirt":2,"stat.useItem.minecraft.dirt":1,"stat.sprintOneCm":17759,"stat.useItem.minecraft.stone_slab2":7,"stat.craftItem.minecraft.stick":8,"stat.craftItem.minecraft.wooden_axe":1,"stat.craftingTableInteraction":5,"stat.pickup.minecraft.iron_ore":6,"stat.craftItem.minecraft.furnace":1,"stat.craftItem.minecraft.planks":12,"stat.mineBlock.minecraft.crafting_table":1,"stat.damageTaken":843,"stat.killEntity.Spider":1,"stat.useItem.minecraft.iron_ore":3,"stat.craftItem.minecraft.stone_pickaxe":1,"stat.useItem.minecraft.wooden_pickaxe":42,"stat.mobKills":4,"stat.pickup.minecraft.cobblestone":20,"stat.mineBlock.minecraft.log":11,"stat.pickup.minecraft.planks":1,"stat.entityKilledBy.ZombieVillager":1,"stat.flyOneCm":30045,"stat.mineBlock.minecraft.planks":1,"stat.deaths":3,"stat.mineBlock.minecraft.leaves":4,"stat.playOneMinute":23761,"stat.killEntity.Sheep":1,"stat.useItem.minecraft.stone_pickaxe":13,"stat.sneakTime":2932,"stat.pickup.minecraft.wool":2,"stat.damageDealt":614,"stat.mineBlock.minecraft.iron_ore":8,"stat.timeSinceDeath":345,"stat.useItem.minecraft.wooden_axe":30,"stat.mineBlock.minecraft.dirt":2,"stat.craftItem.minecraft.wooden_pickaxe":1,"stat.mineBlock.minecraft.stone":19,"stat.pickup.minecraft.mutton":2}