{"stat.leaveGame":2,"stat.mineBlock.srparasites.gore":7,"stat.jump":1119,"stat.swimOneCm":5812,"stat.fallOneCm":32177,"stat.useItem.minecraft.planks":6,"stat.crouchOneCm":1765,"stat.pickup.minecraft.dirt":1,"stat.useItem.minecraft.stone_slab2":4,"stat.pickup.minecraft.iron_ore":1,"stat.craftingTableInteraction":3,"stat.useItem.minecraft.egg":1,"stat.damageTaken":3240,"stat.pickup.minecraft.planks":1,"stat.flyOneCm":283725,"stat.pickup.minecraft.wheat_seeds":20,"stat.drop.minecraft.wheat_seeds":19,"stat.damageDealt":1266,"stat.timeSinceDeath":3881,"stat.mineBlock.minecraft.dirt":1,"stat.craftItem.minecraft.wooden_pickaxe":1,"stat.pickup.minecraft.mutton":2,"stat.walkOneCm":42871,"stat.playerKills":3,"stat.pickup.minecraft.stick":2,"stat.pickup.minecraft.crafting_table":3,"stat.craftItem.minecraft.crafting_table":1,"stat.mineBlock.minecraft.double_plant":4,"stat.pickup.srparasites.lurecomponent1":2,"stat.pickup.minecraft.log":8,"stat.entityKilledBy.Skeleton":1,"stat.pickup.minecraft.sapling":1,"stat.sprintOneCm":71183,"stat.craftItem.minecraft.stick":8,"stat.craftItem.minecraft.wooden_axe":2,"stat.craftItem.minecraft.planks":24,"stat.mineBlock.minecraft.crafting_table":3,"stat.mobKills":2,"stat.mineBlock.minecraft.log":8,"stat.entityKilledBy.Creeper":1,"stat.deaths":19,"stat.mineBlock.minecraft.planks":1,"stat.drop":12,"stat.mineBlock.minecraft.leaves":6,"stat.pickup.minecraft.egg":1,"stat.playOneMinute":27912,"stat.killEntity.Sheep":1,"stat.sneakTime":868,"stat.pickup.minecraft.wool":1,"stat.useItem.minecraft.wooden_axe":15,"stat.mineBlock.minecraft.tallgrass":54,"stat.diveOneCm":3829}