{"stat.jump":850,"stat.swimOneCm":5051,"stat.fallOneCm":24392,"stat.useItem.minecraft.planks":6,"stat.crouchOneCm":1765,"stat.pickup.minecraft.dirt":1,"stat.useItem.minecraft.stone_slab2":4,"stat.pickup.minecraft.iron_ore":1,"stat.craftingTableInteraction":3,"stat.useItem.minecraft.egg":1,"stat.damageTaken":2824,"stat.pickup.minecraft.planks":1,"stat.flyOneCm":223772,"stat.pickup.minecraft.wheat_seeds":11,"stat.drop.minecraft.wheat_seeds":10,"stat.damageDealt":794,"stat.timeSinceDeath":0,"stat.mineBlock.minecraft.dirt":1,"stat.craftItem.minecraft.wooden_pickaxe":1,"stat.pickup.minecraft.mutton":2,"stat.walkOneCm":33239,"stat.playerKills":1,"stat.pickup.minecraft.stick":2,"stat.pickup.minecraft.crafting_table":3,"stat.craftItem.minecraft.crafting_table":1,"stat.mineBlock.minecraft.double_plant":2,"stat.pickup.srparasites.lurecomponent1":2,"stat.pickup.minecraft.log":8,"stat.entityKilledBy.Skeleton":1,"stat.pickup.minecraft.sapling":1,"stat.sprintOneCm":59541,"stat.craftItem.minecraft.stick":8,"stat.craftItem.minecraft.wooden_axe":2,"stat.craftItem.minecraft.planks":24,"stat.mineBlock.minecraft.crafting_table":3,"stat.mobKills":2,"stat.mineBlock.minecraft.log":8,"stat.entityKilledBy.Creeper":1,"stat.deaths":12,"stat.mineBlock.minecraft.planks":1,"stat.drop":6,"stat.mineBlock.minecraft.leaves":6,"stat.pickup.minecraft.egg":1,"stat.playOneMinute":20142,"stat.killEntity.Sheep":1,"stat.sneakTime":868,"stat.pickup.minecraft.wool":1,"stat.useItem.minecraft.wooden_axe":15,"stat.mineBlock.minecraft.tallgrass":29,"stat.diveOneCm":3829}