{"stat.walkOneCm":14628,"stat.playerKills":1,"stat.craftItem.minecraft.planks":24,"stat.pickup.minecraft.stick":2,"stat.useItem.minecraft.egg":1,"stat.pickup.minecraft.crafting_table":3,"stat.damageTaken":1529,"stat.mineBlock.minecraft.crafting_table":3,"stat.craftItem.minecraft.crafting_table":1,"stat.mineBlock.minecraft.log":8,"stat.pickup.srparasites.lurecomponent1":2,"stat.pickup.minecraft.planks":1,"stat.pickup.minecraft.log":8,"stat.flyOneCm":125490,"stat.deaths":6,"stat.mineBlock.minecraft.planks":1,"stat.pickup.minecraft.wheat_seeds":1,"stat.jump":488,"stat.swimOneCm":54,"stat.mineBlock.minecraft.leaves":6,"stat.pickup.minecraft.egg":1,"stat.playOneMinute":10256,"stat.fallOneCm":12856,"stat.useItem.minecraft.planks":6,"stat.entityKilledBy.Skeleton":1,"stat.sneakTime":853,"stat.damageDealt":479,"stat.crouchOneCm":1765,"stat.timeSinceDeath":0,"stat.pickup.minecraft.sapling":1,"stat.useItem.minecraft.wooden_axe":15,"stat.pickup.minecraft.dirt":1,"stat.sprintOneCm":37251,"stat.mineBlock.minecraft.dirt":1,"stat.useItem.minecraft.stone_slab2":4,"stat.craftItem.minecraft.wooden_pickaxe":1,"stat.mineBlock.minecraft.tallgrass":10,"stat.craftItem.minecraft.stick":8,"stat.craftItem.minecraft.wooden_axe":2,"stat.pickup.minecraft.iron_ore":1,"stat.craftingTableInteraction":3}